Descripción,Categoría,Proveedor,EAN,Precio,Sin Tac
Aceite Baby x 200 Ml,BEBÉS,ALGABO S.A.,7791274001567,"$ 155,00",
Aceite de Girasol Primor x 900 Ml,ALMACÉN,BUNGE ARGENTINA S.A.,7794870001887,"$ 65,14",Sí
Aceite Maiz Salad x 900 Cc,ALMACÉN,BUNGE ARGENTINA S.A.,7891080805738,"$ 99,98",Sí
Aceitunas Negras con Carozo Bandeja x 200 Gr,ALMACÉN,INDUSTRIAS QUIMICAS Y MINERAS TIMBO S.A.,7798080521661,"$ 45,17",
Aceitunas Verdes con Carozo Bandeja x 200 Gr,ALMACÉN,INDUSTRIAS QUIMICAS Y MINERAS TIMBO S.A.,7798080521623,"$ 40,86",
Aceitunas Verdes Descarozada Bandeja x 200 Gr,ALMACÉN,INDUSTRIAS QUIMICAS Y MINERAS TIMBO S.A.,7798080521630,"$ 41,94",
Aceitunas Verdes En Salmuera Doy Pack Vanoli x 80 Grs,ALMACÉN,VANOLI Y CIA S.A.,7790127000665,"$ 22,85",Sí
Aceitunas Verdes Rellena Bandeja x 200 Gr,ALMACÉN,INDUSTRIAS QUIMICAS Y MINERAS TIMBO S.A.,7798080521654,"$ 43,01",
Aceitunas Verdes Rodajada Bandeja x 200 Gr,ALMACÉN,INDUSTRIAS QUIMICAS Y MINERAS TIMBO S.A.,7798080521647,"$ 41,94",
Acondicionador Aguacate y Argan Doypack x 300 Ml,PERFUMERÍA Y CUIDADO PERSONAL,ALGABO S.A.,7791274196980,"$ 54,00",
Acondicionador Bomba Argan Sedal x 340 Ml,PERFUMERÍA Y CUIDADO PERSONAL,UNILEVER,7791293036335,"$ 105,00",
Acondicionador Plusbelle Brillo Sublime Effect x 650 Ml,PERFUMERÍA Y CUIDADO PERSONAL,ALICORP,7790740507770,"$ 77,33",
Aderezo a Base de Ají Picante Tipo Chileno El Sureño x 250 Cc,ALMACÉN,TAMBURINI S.A.,7792594000292,"$ 49,80",
Agrupado Barrita de Arroz Chocolate Blanco Crowie x 36 Gr x 3 Un,SIN TACC,ESTABLECIMIENTO FIN DEL MUNDO S.A.,7798228640087,"$ 56,90",Sí
Agrupado Barrita de Arroz Chocolate Negro Crowie x 36 Gr x 3 Un,SIN TACC,ESTABLECIMIENTO FIN DEL MUNDO S.A.,7798228640070,"$ 56,90",Sí
Agrupado Barrita de Arroz Coco Crowie x 36 Gr x 3 Un,SIN TACC,ESTABLECIMIENTO FIN DEL MUNDO S.A.,7798228640339,"$ 56,90",Sí
Agrupado Barrita de Arroz Frutilla Crowie x 36 Gr x 3 Un,SIN TACC,ESTABLECIMIENTO FIN DEL MUNDO S.A.,7798228640094,"$ 56,90",Sí
Agrupado Barrita de Arroz Limón Crowie x 36 Gr x 3 Un,SIN TACC,ESTABLECIMIENTO FIN DEL MUNDO S.A.,7798228640247,"$ 56,90",Sí
Agrupado Barrita de Arroz Marroc Crowie x 36 Gr x 3 Un,SIN TACC,ESTABLECIMIENTO FIN DEL MUNDO S.A.,7798228640322,"$ 56,90",Sí
Agua con Gas Córdoba x 2 Lt,BEBIDAS SIN ALCOHOL,PRODEA,7790639001952,"$ 30,10",
"Agua de Mesa Kin x 1,5 Lt",BEBIDAS SIN ALCOHOL,COCA COLA,7790895064456,"$ 28,25",
Agua Mineralizada con Gas Cellier Favaloro x 2 Lt,BEBIDAS SIN ALCOHOL,PRODEA,7790639002423,"$ 32,87",
Agua Mineralizada Sin Gas Cellier Favaloro x 2 Lt,BEBIDAS SIN ALCOHOL,PRODEA,7790639002416,"$ 32,87",
Agua Saborizada Finamente Gasificada Cero Calorias Sin Tacc Citrus Limit x 2 Lt,BEBIDAS SIN ALCOHOL,DISTRIBEBIDAS S.R.L.,7798101262580,"$ 44,00",Sí
Agua Saborizada Finamente Gasificada Cero Calorias Sin Tacc Limonada Limit x 2 Lt,BEBIDAS SIN ALCOHOL,DISTRIBEBIDAS S.R.L.,7798101262672,"$ 44,00",Sí
Agua Saborizada Finamente Gasificada Cero Calorias Sin Tacc Naranja-Durazno Limit x 2 Lt,BEBIDAS SIN ALCOHOL,DISTRIBEBIDAS S.R.L.,7798101262566,"$ 44,00",Sí
Agua Saborizada Finamente Gasificada Cero Calorias Sin Tacc Pomelo Limit x 2 Lt,BEBIDAS SIN ALCOHOL,DISTRIBEBIDAS S.R.L.,7798101262573,"$ 44,00",Sí
"Agua Saborizada Naranja sin Gas Nihuil x 1,5 Lt",BEBIDAS SIN ALCOHOL,NUTRECO ALIMENTOS SA,7798065733751,"$ 40,59",
"Agua Saborizada Pomelo sin Gas Nihuil x 1,5 Lt",BEBIDAS SIN ALCOHOL,NUTRECO ALIMENTOS SA,7798065733768,"$ 40,59",
"Agua Saborizada Sin Gas Cero Calorias Sin Tacc Limonada Limit x 2,25 Lt",BEBIDAS SIN ALCOHOL,DISTRIBEBIDAS S.R.L.,7798101262665,"$ 44,00",Sí
"Agua Saborizada Sin Gas Cero Calorias Sin Tacc Manzana Limit x 2,25 Lt",BEBIDAS SIN ALCOHOL,DISTRIBEBIDAS S.R.L.,7798101262597,"$ 44,00",Sí
"Agua Saborizada Sin Gas Cero Calorias Sin Tacc Naranja Limit x 2,25 Lt",BEBIDAS SIN ALCOHOL,DISTRIBEBIDAS S.R.L.,7798101262658,"$ 44,00",Sí
"Agua Saborizada Sin Gas Cero Calorias Sin Tacc Pomelo Limit x 2,25 Lt",BEBIDAS SIN ALCOHOL,DISTRIBEBIDAS S.R.L.,7798101262603,"$ 44,00",Sí
"Agua Saborizada sin Gas Manzana Awafrut x 1,65 Lt",BEBIDAS SIN ALCOHOL,CERVECERIA Y MALTERIA QUILMES,7795930000321,"$ 49,50",
"Agua Saborizada Sin Gas Naranja Durazno Awafrut x 1,65 Lt",BEBIDAS SIN ALCOHOL,CERVECERIA Y MALTERIA QUILMES,7795930000307,"$ 49,50",
"Agua Saborizada Sin Gas Pomelo Awafrut x 1,65 Lt",BEBIDAS SIN ALCOHOL,CERVECERIA Y MALTERIA QUILMES,7795930000314,"$ 49,50",
Agua sin Gas Córdoba x 2 Lt,BEBIDAS SIN ALCOHOL,PRODEA,7790639001969,"$ 30,10",
Aire Pur® Perfumina Frescura de Algodón,LIMPIEZA,INDUSTRIAS IBERIA S.A.I.C.,7790900026141,"$ 111,30",
Aire Pur® Perfumina Lavanda Superstar,LIMPIEZA,INDUSTRIAS IBERIA S.A.I.C.,7790900026134,"$ 111,30",
Aire Pur® Perfumina Rocio de Bambú,LIMPIEZA,INDUSTRIAS IBERIA S.A.I.C.,7790900026158,"$ 111,30",
Aji Molido x 25 Gr,ALMACÉN,ESPECIAS KOKITO S.A.,7792258000033,"$ 12,27",NA
Ala Ultra Lavavajilla limon Doy Pack x 450 Ml,LIMPIEZA,UNILEVER,7791290787957,"$ 61,00",NA
Alcohol en Gel Algabo x 750 Ml,PERFUMERÍA Y CUIDADO PERSONAL,ALGABO S.A.,7791274196539,"$ 188,00",NA
Alfajor de Arroz Gluten Free Limon 3 Un x 28 Gr,GALLETITAS,GALLETAS DON PANCHO S.A.,7798033900383,"$ 84,00",NA
Alfajor de Arroz Gluten Free Marroc 3 Un x 28 Gr,GALLETITAS,GALLETAS DON PANCHO S.A.,7798033900390,"$ 84,00",NA
Algabo Polvo Desodorante para el cuerpo talquera celeste x 180 grs,PERFUMERÍA Y CUIDADO PERSONAL,ALGABO S.A.,7791274198045,"$ 89,90",NA
Algabo Polvo Desodorante para el cuerpo talquera Rosa x 180 grs,PERFUMERÍA Y CUIDADO PERSONAL,ALGABO S.A.,7791274198069,"$ 89,90",NA
Alimento para Gatos Adultos Sabor Pescado Raza x 1 Kg,MASCOTAS,MOLINO CHACABUCO,7791416001318,"$ 89,50",NA
"Alimento para Gatos Cachorros Carne y Leche x 0,5 Kg",MASCOTAS,MOLINO CHACABUCO,7791416072530,"$ 54,00",NA
"Alimento para Perros Cachorros Carne Cereales Leche x 1,5 Kg",MASCOTAS,MOLINO CHACABUCO,7791416065969,"$ 109,00",NA
"Amargo Monferrato Limón x 1,5 Lt",BEBIDAS SIN ALCOHOL,GRUPO CEPAS,7790950004731,"$ 53,80",
"Amargo Monferrato Serrano x 1,5 Lt",BEBIDAS SIN ALCOHOL,GRUPO CEPAS,7790950004724,"$ 53,80",
Aromatizante Artificial Almendra Yuspe x 110 Cc,ALMACÉN,JOSE LLENES S.A.C.I.F,7794980368528,"$ 51,25",Sí
Aromatizante Artificial Frutilla Yuspe x 110 Cc,ALMACÉN,JOSE LLENES S.A.C.I.F,7794980368511,"$ 51,25",Sí
Aromatizante Artificial Limón Yuspe x 110 Cc,ALMACÉN,JOSE LLENES S.A.C.I.F,7794980368504,"$ 51,25",Sí
Aromatizante Artificial Naranja Yuspe x 110 Cc,ALMACÉN,JOSE LLENES S.A.C.I.F,7794980368535,"$ 51,25",Sí
Arroz Largo Fino 00000 Apóstoles x 1 Kg,ALMACÉN,ADECOAGRO,7791120031656,"$ 45,00",Sí
Arroz Largo Fino Primor x 1 Kg,ALMACÉN,BUNGE ARGENTINA S.A.,7794870001344,"$ 45,06",Sí
Arroz Parboil Largo Fino 00000 Apóstoles x 1 Kg,ALMACÉN,ADECOAGRO,7791120098246,"$ 52,76",Sí
Arroz Parboil Primor x 1 Kg,ALMACÉN,BUNGE ARGENTINA S.A.,7798316700082,"$ 56,34",Sí
Atún sin Sal al Agua Puglisi x 170 Gr,ALMACÉN,COPECA S.A.,7790748266464,"$ 128,00",
Atún sin Sal en Aceite Puglisi x 170 Gr,ALMACÉN,COPECA S.A.,7790748266457,"$ 128,00",
Azucar Impalpable x 200 Gr,ALMACÉN,ESPECIAS KOKITO S.A.,7792258000071,"$ 28,08",
Azúcar Light Ledesma x 500 Gr,ALMACÉN,LEDESMA,7792540293754,"$ 69,00",Sí
Baloncitos Chocolatados Granix x 150 Gr,ALMACÉN,ALIMENTOS GRANIX,7790045000457,"$ 45,45",
Barritas de Arroz Yamani Dulces Crowie x 80 Gr,SIN TACC,ESTABLECIMIENTO FIN DEL MUNDO S.A.,7798228640155,"$ 41,90",Sí
Barritas de Arroz Yamani Saladas Crowie x 80 Gr,SIN TACC,ESTABLECIMIENTO FIN DEL MUNDO S.A.,7798228640131,"$ 41,90",Sí
Barro Vegetal Capilar Pomo Algabo x 200 Gr,PERFUMERÍA Y CUIDADO PERSONAL,ALGABO S.A.,7791274197864,"$ 118,00",
Bebida Tregar Moou Dulce de Leche x 200 Ml,LÁCTEOS,GARCIA HERMANOS AGROINDUSTRIAL SRL,7793913002201,"$ 19,90",
Bebida Tregar Moou Frutilla x 200 Ml,LÁCTEOS,GARCIA HERMANOS AGROINDUSTRIAL SRL,7793913002188,"$ 19,90",
Bebida Tregar Moou Vainilla x 200 Ml,LÁCTEOS,GARCIA HERMANOS AGROINDUSTRIAL SRL,7793913002195,"$ 19,90",NA
Bicarbonato de Sodio x 50 Gr,ALMACÉN,ESPECIAS KOKITO S.A.,7792258000293,"$ 15,60",NA
Bidon de agua bajo en sodio Pura tres x 5 Lt,BEBIDAS SIN ALCOHOL,PURA FRESH,7798125300283,"$ 58,50",NA
Bizcochitos Con Semillas de Lino Granix x 180 Gr,GALLETITAS,ALIMENTOS GRANIX,7790045823858,"$ 37,17",NA
Bizcochitos Con Semillas de Sésamo Granix x 180 Gr,GALLETITAS,ALIMENTOS GRANIX,7790045823865,"$ 38,65",NA
Bizcochuelo en Taza de Chocolate 6 Un x 70 Gr,ALMACÉN,DULFIX,7791113006883,"$ 31,90",NA
Bizcochuelo en Taza de Vainilla con chips de Chocolate 6 Un x 80 Gr,ALMACÉN,DULFIX,7791113006890,"$ 31,90",NA
BolZip Contenedores Cuadrados Medianos x 2 Un (800ml c/u),LIMPIEZA,INDUSTRIAS IBERIA S.A.I.C.,7790900046286,"$ 158,00",NA
BolZip Contenedores Redondos Chicos x 2 Un (550ml c/u),LIMPIEZA,INDUSTRIAS IBERIA S.A.I.C.,7790900046279,"$ 104,65",NA
Budín Clásico Pradymar x 170 Gr,ALMACÉN,GEORGALOS,7790380039853,"$ 73,00",NA
Budín con Chips de Chocolate Pradymar x 170 Gr,ALMACÉN,GEORGALOS,7790380039822,"$ 73,00",NA
Budín con Frutas Pradymar x 170 Gr,ALMACÉN,GEORGALOS,7790380039846,"$ 73,00",NA
Budín con Frutas Veneziana x 200 Gr,ALMACÉN,PANIFICADORA VENEZIANA S.A.,7791708610778,"$ 59,80",NA
Budín de Vainilla con Semillas Fibras del Sol x 250 Gr,PANIFICADOS,PRODUCTOS TRIMAK S.A.,7798024299304,"$ 53,50",NA
Budín de Vainilla Veneziana on Chip de Chocolate x 200 Gr,ALMACÉN,PANIFICADORA VENEZIANA S.A.,7791708610792,"$ 59,80",NA
Budín de Vainilla Veneziana x 200 Gr,ALMACÉN,PANIFICADORA VENEZIANA S.A.,7791708610754,"$ 59,80",NA
Budín Marmolado Pradymar x 170 Gr,ALMACÉN,GEORGALOS,7790380039839,"$ 73,00",NA
Budín Marmolado Veneziana x 200 Gr,ALMACÉN,PANIFICADORA VENEZIANA S.A.,7791708610761,"$ 59,80",NA
Bulbo 4-40 Pack x 1,ILUMINACION,PHILIPS,929001377571,"$ 59,00",NA
Bulbo 4-40 Pack x 2,ILUMINACION,PHILIPS,929001377595,"$ 105,00",NA
Café en Saquitos Bonafide Sensaciones x 20 Un,ALMACÉN,BONAFIDE,7792360070153,"$ 100,73",
Café Instantaneo Suave en sobrecitos La Virginia x 36 Un,ALMACÉN,LA VIRGINIA,7790150101049,"$ 114,61",Sí
Caldos de Gallina Menos Sodio Knorr x 12 Un,ALMACÉN,UNILEVER,7891150047716,"$ 53,00",
Caldos de Verdura Menos Sodio Knorr x 12 Un,ALMACÉN,UNILEVER,7891150047723,"$ 53,00",
Cartucho Estilográfico TP ARL Pelikan Bolsita x 6 Un,LIBRERÍA,PELIKAN ARGENTINA S.A.,4012700301178,"$ 44,60",
Cepillo dental de adulto 2-life,PERFUMERÍA Y CUIDADO PERSONAL,INT´L BUSINESS CONSULTANT S.R.L,7798344320030,"$ 36,00",
Cepillo dental infantil 2-life,PERFUMERÍA Y CUIDADO PERSONAL,INT´L BUSINESS CONSULTANT S.R.L,7798344320023,"$ 37,00",
Chalitas con Semillas Libres de Gluten x 100 Gr,SIN TACC,NOBELFOODS,7798195940142,"$ 55,90",Sí
Chevere Crowie Mix x 30 Gr,SIN TACC,ESTABLECIMIENTO FIN DEL MUNDO S.A.,7798228640353,"$ 35,00",Sí
Chimichurri Ahumado Botella x 500 cc,ALMACÉN,VIA DELICIAS,7791136463113,"$ 58,00",
Chimichurri Clásico Vanoli x 350 Cc,ALMACÉN,VANOLI Y CIA S.A.,7790127781489,"$ 57,80",Sí
Chimichurri con Mostaza Botella x 500 cc,ALMACÉN,VIA DELICIAS,7791136463175,"$ 58,00",
Chimichurri El Sureño x 250 Cc,ALMACÉN,TAMBURINI S.A.,7792594000186,"$ 49,80",
Chimichurri El Sureño x 500 Cc,ALMACÉN,TAMBURINI S.A.,7792594001008,"$ 72,08",
Chimichurri Líquido x 240 Cc,ALMACÉN,ESPECIAS KOKITO S.A.,7792258000019,"$ 68,54",
Chimichurri Picante Botella x 500 cc,ALMACÉN,VIA DELICIAS,7791136463076,"$ 58,00",
Chimichurri Tradicional Botella x 500 cc,ALMACÉN,VIA DELICIAS,7791136463083,"$ 58,00",
Chimichurri Yuspe x 25 Gr,ALMACÉN,JOSE LLENES S.A.C.I.F,7794980938837,"$ 19,99",Sí
Choclo Blanco Cremoso Tetra Recart x 340 Gr,ALMACÉN,INTERNACIONAL DE PRODUCTOS,7790499017643,"$ 29,90",
Cif Limpiador Original 2en1 x 250 Ml,LIMPIEZA,UNILEVER,7791290787810,"$ 49,85",
Comino Molido x 25 Gr,ALMACÉN,ESPECIAS KOKITO S.A.,7792258000118,"$ 19,94",NA
Condimento para Arroz x 25 Gr,ALMACÉN,ESPECIAS KOKITO S.A.,7792258000323,"$ 25,17",NA
Condimento para aves x 25 Gr,ALMACÉN,ESPECIAS KOKITO S.A.,7790598091773,"$ 32,67",NA
Condimento para carnes x 25 Gr,ALMACÉN,ESPECIAS KOKITO S.A.,7790598091766,"$ 34,02",NA
Condimento para pescado x 25 Gr,ALMACÉN,ESPECIAS KOKITO S.A.,7790598091216,"$ 32,70",NA
Condimento para Pizza x 25 Gr,ALMACÉN,ESPECIAS KOKITO S.A.,7792258000026,"$ 19,66",NA
Cortes Tradicionales de Carne Vacuna Espinazo x 1 Kg,CARNE,SUPERMERCADO,10008,"$ 45,45",NA
Cortes Tradicionales de Carne Vacuna Picada Común x 1 Kg,CARNE,SUPERMERCADO,10007,"$ 102,62",NA
Crema Corporal Coco y Almendras Dove x 200 Ml,PERFUMERÍA Y CUIDADO PERSONAL,UNILEVER,7506306211223,"$ 126,48",NA
Crema Corporal Hinds Almendras x 250 Ml,PERFUMERÍA Y CUIDADO PERSONAL,GLAXOSMITHKLINE ARGENTINA S.A.,7794640610998,"$ 123,21",NA
Crema Dental 2 Fluor Fresh Dent x 70 Gr,PERFUMERÍA Y CUIDADO PERSONAL,LABORATORIOS ESME S.A.I.C,7791199000478,"$ 48,90",NA
Crema Dental Kolynos Fresh Mint Splash x 90 Gr,PERFUMERÍA Y CUIDADO PERSONAL,COLGATE PALMOLIVE S.A.,7891528005072,"$ 65,00",NA
Crema Facial Clarant B3 Grasa Ponds x 100 Gr,PERFUMERÍA Y CUIDADO PERSONAL,UNILEVER,7501056330309,"$ 133,50",NA
Crema Hidratante Ponds H x 50 Gr,PERFUMERÍA Y CUIDADO PERSONAL,UNILEVER,7501056325381,"$ 68,20",NA
Crema Manos y Cuerpo Durazno Iyosei x 240 Gr,PERFUMERÍA Y CUIDADO PERSONAL,COSMETEC S.A.,7792143202498,"$ 79,00",NA
Crema Manos y Cuerpo Fresa Iyosei x 240 Gr,PERFUMERÍA Y CUIDADO PERSONAL,COSMETEC S.A.,7792143202504,"$ 79,00",NA
Crema Manos y Cuerpo Vainilla Iyosei x 240 Gr,PERFUMERÍA Y CUIDADO PERSONAL,COSMETEC S.A.,7792143202474,"$ 79,00",NA
Crema para manos Hinds Antiage x 90 Ml,PERFUMERÍA Y CUIDADO PERSONAL,GLAXOSMITHKLINE ARGENTINA S.A.,7794640171512,"$ 98,00",NA
Desinfectante Líquido Vim Doypack x 450 Ml,PERFUMERÍA Y CUIDADO PERSONAL,UNILEVER,7791290787421,"$ 48,10",NA
Desodorante Antibacterial para pisos Fragancia Cherry Multimax x 5Lt,LIMPIEZA,MULTIMAX,7798184581066,"$ 68,69",NA
Desodorante Antibacterial para pisos Fragancia Coco Vainilla Multimax x 5Lt,LIMPIEZA,MULTIMAX,7798184581332,"$ 68,69",NA
Desodorante Antibacterial para pisos Fragancia Cítrico Multimax x 5Lt,LIMPIEZA,MULTIMAX,7798184581097,"$ 68,69",NA
Desodorante Antibacterial para pisos Fragancia Lavanda Multimax x 5Lt,LIMPIEZA,MULTIMAX,7798184581103,"$ 68,69",NA
Desodorante Antibacterial para pisos Fragancia Marina Multimax x 5Lt,LIMPIEZA,MULTIMAX,7798184581073,"$ 68,69",NA
Desodorante Antibacterial para pisos Fragancia Pino Multimax x 5Lt,LIMPIEZA,MULTIMAX,7798184581080,"$ 68,69",NA
Desodorante Antitranspirante Etiquet Men Blue Ice x 60 Gr,PERFUMERÍA Y CUIDADO PERSONAL,GLAXOSMITHKLINE ARGENTINA S.A.,7794640630491,"$ 75,64",NA
Desodorante Antitranspirante Hinds Perfection x 60 Gr,PERFUMERÍA Y CUIDADO PERSONAL,GLAXOSMITHKLINE ARGENTINA S.A.,7794640171239,"$ 75,64",NA
Desodorante Antitranspitante Roll On Plusbelle Care 12 x 50 Ml,PERFUMERÍA Y CUIDADO PERSONAL,ALICORP,77961631,"$ 71,46",NA
Desodorante Axe sti dpg black x 54 Gr,PERFUMERÍA Y CUIDADO PERSONAL,UNILEVER,75048099,"$ 94,04",NA
Desodorante Body Spray Axe Black x 96 Gr,PERFUMERÍA Y CUIDADO PERSONAL,UNILEVER,7791293028781,"$ 76,00",NA
Desodorante en Aerosol Femenino Rexona Invisible x 90 Gr,PERFUMERÍA Y CUIDADO PERSONAL,UNILEVER,7791293032481,"$ 76,00",NA
Desodorante en Aerosol Masculino Rexona Invisible x 90 Gr,PERFUMERÍA Y CUIDADO PERSONAL,UNILEVER,7791293022635,"$ 76,00",NA
Desodorante Limpiador Concentrado para Pisos Fragancia Cherry Multimax x 1 Lt,LIMPIEZA,MULTIMAX,7798184581520,"$ 19,85",NA
Desodorante Limpiador Concentrado para Pisos Fragancia Coco Vainilla Multimax x 1 Lt,LIMPIEZA,MULTIMAX,7798184581544,"$ 19,85",NA
Desodorante Limpiador Concentrado para Pisos Fragancia Cítrico Multimax x 1 Lt,LIMPIEZA,MULTIMAX,7798184581537,"$ 19,85",NA
Desodorante Limpiador Concentrado para Pisos Fragancia Lavanda Multimax x 1 Lt,LIMPIEZA,MULTIMAX,7798184581551,"$ 19,85",NA
Desodorante Limpiador Concentrado para Pisos Fragancia Marina Multimax x 1 Lt,LIMPIEZA,MULTIMAX,7798184581568,"$ 19,85",NA
Desodorante Limpiador Concentrado para Pisos Fragancia Pino Multimax x 1 Lt,LIMPIEZA,MULTIMAX,7798184581575,"$ 19,85",NA
Desodorante Stick Axe Apollo Barra x 54 Gr,PERFUMERÍA Y CUIDADO PERSONAL,UNILEVER,75043308,"$ 94,04",NA
Detergente Liquido Zorro BlueP DP 3Lt,LIMPIEZA,ALICORP,7790990990230,"$ 308,64",NA
Detergente Ropa Fina Ecovita Doypack x 450 Ml,LIMPIEZA,LABORATORIOS ECOVITA S.A.,7798124360805,"$ 46,66",
Detergente Ultra Aloe Vera Multimax x 100 Ml,LIMPIEZA,MULTIMAX,7798184581639,"$ 35,00",
Detergente Ultra Glicerina Multimax x 100 Ml,LIMPIEZA,MULTIMAX,7798184581646,"$ 35,00",
Detergente Ultra Limón Multimax x 100 Ml,LIMPIEZA,MULTIMAX,7798184581622,"$ 35,00",
Dicroica Blanco Cálido Macroled 7W GU10 610LM,ILUMINACION,MACROLED,7428325564763,"$ 99,50",
Dicroica Blanco Frío Macroled 7W GU10 610LM,ILUMINACION,MACROLED,7428325564787,"$ 99,50",
Discos de Arroz Sabor Jamón Serrano DH x 80 Gr,SIN TACC,DOS HERMANOS SA,7790503000289,"$ 55,00",Sí
Dulce de Leche Repostero Ilolay x 400 Gr,LÁCTEOS,WILLINNER S.A. (ILOLAY),7790787153671,"$ 63,86",Sí
Duraznos en Mitades Bajas Calorías Silvia Lata x 820 Gr,ALMACÉN,GOLDEN HARVEST S.A.,7790500000220,"$ 59,05",
Duraznos Mitades en Almíbar Silvia lata x 820 Gr,ALMACÉN,GOLDEN HARVEST S.A.,7790500005065,"$ 54,51",
Edulcorante en Sobres Tuy Sweet x 200 Un,ALMACÉN,LA VIRGINIA,7790150695951,"$ 122,61",Sí
"Edulcorante liquido ""Beldiet"" x 250 Cc",ALMACÉN,BELDIET,7798108900010,"$ 56,75",
"Edulcorante liquido ""Beldiet"" x 500 Cc",ALMACÉN,BELDIET,7790939000143,"$ 84,36",
Esencia de Vainilla x 100 Cc,ALMACÉN,ESPECIAS KOKITO S.A.,7792258000132,"$ 34,32",
Esencia de vainilla x 28 Cc,ALMACÉN,ESPECIAS KOKITO S.A.,7792258001122,"$ 30,24",
Especias Surtidas x 25 Gr,ALMACÉN,ESPECIAS KOKITO S.A.,7792258091468,"$ 23,82",
"Esponja con Fibra ""MULTIUSO"" Virulana x 1 Un",LIMPIEZA,MAPA VIRULANA S.A.I. Y C.,7794440003341,"$ 24,90",
"Esponja con Fibra NO RAYA ""CUIDADO AZUL"" Virulana x 1 Un",LIMPIEZA,MAPA VIRULANA S.A.I. Y C.,7794440003228,"$ 41,50",
"Esponja de acero inoxidable VIRULANA ""INOXY"" x 1 Un",LIMPIEZA,MAPA VIRULANA S.A.I. Y C.,7794440002399,"$ 21,90",
"Esponja de baño infantil ""CALYPSO JUNIOR"" x 1 un",PERFUMERÍA Y CUIDADO PERSONAL,MAPA VIRULANA S.A.I. Y C.,7794440018246,"$ 35,90",
"Esponja Desmaquillante Facial ""CALYPSO"" x 2 uns",PERFUMERÍA Y CUIDADO PERSONAL,MAPA VIRULANA S.A.I. Y C.,7794440008018,"$ 49,90",NA
Esponja Lisa Limpieza Fácil No Raya,LIMPIEZA,LA GAUCHITA S.A.,7792459001624,"$ 24,50",NA
Fideos Codito Canale x 500 Gr,ALMACÉN,MOLINOS RIO DE LA PLATA,7794910056617,"$ 29,50",NA
Fideos Codito Dintel x 500 Gr,PASTAS Y TAPAS,FIDEGROUP SA,7790427102045,"$ 23,50",NA
Fideos Mostachol Dintel x 500 Gr,PASTAS Y TAPAS,FIDEGROUP SA,7790427102069,"$ 23,50",NA
Fideos Spaghetti Canale x 500 Gr,ALMACÉN,MOLINOS RIO DE LA PLATA,7790070318992,"$ 29,50",NA
Fideos Spaghetti Dintel x 500 Gr,PASTAS Y TAPAS,FIDEGROUP SA,7790427102236,"$ 23,50",NA
Fideos Tallarín Canale x 500 Gr,ALMACÉN,MOLINOS RIO DE LA PLATA,7794910056600,"$ 29,50",NA
Fideos Tirabuzón Canale x 500 Gr,ALMACÉN,MOLINOS RIO DE LA PLATA,7794910056556,"$ 29,50",NA
Fideos Tirabuzón Dintel x 500 Gr,PASTAS Y TAPAS,FIDEGROUP SA,7790427102090,"$ 23,50",NA
Flan Vainilla con Caramelo Ilolay Kids x 110 Gr,LÁCTEOS,WILLINNER S.A. (ILOLAY),7790787087334,"$ 15,95",Sí
Flan Vainilla con Dulce de Leche Ilolay Kids x 110 Gr,LÁCTEOS,WILLINNER S.A. (ILOLAY),7790787087341,"$ 15,95",Sí
Galletas Club Social Queso x 6 Un,GALLETITAS,MONDELEZ,7622210691866,"$ 84,90",
Galletas de Arroz Con Sal Grandiet x 100 Gr,SIN TACC,GRANDIET,7797330100649,"$ 46,80",Sí
Galletas de Arroz Dulces Grandiet x 100 Gr,SIN TACC,GRANDIET,7797330100663,"$ 46,80",Sí
Galletas de Arroz Sin Sal Grandiet x 100 Gr,SIN TACC,GRANDIET,7797330100656,"$ 46,80",Sí
Galletas Dulces Slim DH x 100 Gr,SIN TACC,DOS HERMANOS SA,7790503198702,"$ 55,00",Sí
Galletas Multicereal Grandiet Con Sal x 100 Gr,SIN TACC,GRANDIET,7797330102322,"$ 32,97",Sí
Galletas Multicereal Grandiet Dulces x 100 Gr,SIN TACC,GRANDIET,7797330102384,"$ 32,97",Sí
Galletas Multicereal Grandiet Sin Sal x 100 Gr,SIN TACC,GRANDIET,7797330102377,"$ 32,97",Sí
Galletitas con Sésamo Hogareñas 36 x 167 Gr,GALLETITAS,BAGLEY,7790040882102,"$ 35,49",
Galletitas de arroz Cerealsol Mix de semillas x 100 Gr,SIN TACC,TRINAT FOOS SRL,643131476551,"$ 53,00",Sí
Galletitas de arroz Cerealsol sabor Original x 100 Gr,SIN TACC,TRINAT FOOS SRL,710228318145,"$ 45,00",Sí
Galletitas Dulces Decoradas con Glase Bananet x 400 Gr,GALLETITAS,TEMFLOR SRL,7793176003168,"$ 49,90",
Galletitas Dulces Rellenas Sabor Frutos del Bosque Soft x 165 Gr,GALLETITAS,PRODUCTOS EMERY S.A.,7798054220354,"$ 24,00",
Galletitas Dulces Rellenas Sabor Limón Soft x 165 Gr,GALLETITAS,PRODUCTOS EMERY S.A.,7798054220330,"$ 24,00",
Galletitas Dulces sabor Vainilla con chip La Cumbre x 170 Gr,GALLETITAS,ESTABLECIMIENTO LA CUMBRE SA,645554001013,"$ 49,00",
Galletitas Panal Coco x 242 Gr,GALLETITAS,ALICORP,7790263119559,"$ 42,04",
Galletitas Pepas Temflor x 200 Gr,GALLETITAS,TEMFLOR SRL,7793176000037,"$ 29,90",
Galletitas Sabor Vainilla Clásica Vocación x 170 Gr,GALLETITAS,BAGLEY,7790040177307,"$ 25,90",
Garbanzos x 500 Gr,SIN TACC,CAZENAVE,7798337860116,"$ 47,69",Sí
Garrapiñada de Maní x 200 Gr,ALMACÉN,GEORGALOS,7790380014294,"$ 79,00",Sí
"Gaseosa Cola Sin Azúcar Cunnington x 2,25 Lt",BEBIDAS SIN ALCOHOL,PRODEA,7790639002003,"$ 52,09",
"Gaseosa Lima Limón Light Cunnington x 2,25 Lt",BEBIDAS SIN ALCOHOL,PRODEA,7790639002140,"$ 58,40",
"Gaseosa Lima Limón Sin Azúcares Sprite x 2,25 Lt",BEBIDAS SIN ALCOHOL,COCA COLA,7790895064166,"$ 86,89",
"Gaseosa Mirinda Naranja x 2,25 Lt",BEBIDAS SIN ALCOHOL,CERVECERIA Y MALTERIA QUILMES,7791813423157,"$ 75,00",
"Gaseosa Naranja Light Cunnington x 2,25 Lt",BEBIDAS SIN ALCOHOL,PRODEA,7790639002232,"$ 58,40",
"Gaseosa Pomelo Cunnington x 2,25 Lt",BEBIDAS SIN ALCOHOL,PRODEA,7790639001310,"$ 58,40",
"Gaseosa Schweppes Pomelo x 2,25 Lt",BEBIDAS SIN ALCOHOL,COCA COLA,7790895010095,"$ 86,89",
Glade Limpia Inodoros Adhesivo Limón Refrescante x24,LIMPIEZA,S.C. JOHNSON & SON DE ARG. S.A.,7790520005939,"$ 45,97",
Glade Minigel Lavanda x 70 Gr,LIMPIEZA,S.C. JOHNSON & SON DE ARG. S.A.,7790520019851,"$ 82,00",NA
Glade Minigel Limon x 70 Gr,LIMPIEZA,S.C. JOHNSON & SON DE ARG. S.A.,7790520019868,"$ 82,00",NA
Gran Federal tradicional 42x2x150g,LIMPIEZA,ALICORP,7790990572290,"$ 47,48",NA
Hamburguesas de Pollo Pollolín x 160 Gr,ALIMENTOS CONGELADOS,POLLOLÍN SA,7796333008082,"$ 47,25",NA
Harina 000 Morixe x 1 Kg,ALMACÉN,MORIXE,7790199000013,"$ 30,45",NA
Harina 0000 Morixe x 1 Kg,ALMACÉN,MORIXE,7790199000020,"$ 42,88",NA
Harina Leudante Morixe x 1 Kg,ALMACÉN,MORIXE,7790199000051,"$ 48,46",NA
"Helado Chocolate, Americana, Dulce de Leche Dame Mas Balde x 3 Lt",HELADOS,CUYOCREM ARGENTINA S.A.,7798023301886,,NA
"Helado Chocolate, Vainilla, Frutilla Dame Mas Balde x 3 Lt",HELADOS,CUYOCREM ARGENTINA S.A.,7798023301879,,NA
"Helado Granizado, Cereza, Dulce de Leche Dame Mas Balde x 3 Lt",HELADOS,CUYOCREM ARGENTINA S.A.,7798023301893,,NA
Hidratación Acondicionador Plusbelle x 1 Lt,PERFUMERÍA Y CUIDADO PERSONAL,ALICORP,7790740502454,"$ 95,00",NA
Hidratación Shampoo Plusbelle x 1 Lt,PERFUMERÍA Y CUIDADO PERSONAL,ALICORP,7790740505561,"$ 95,00",NA
Hisopos Algabo Control Caja x 100 Un,PERFUMERÍA Y CUIDADO PERSONAL,ALGABO S.A.,7791274197888,"$ 49,90",NA
Iberia Bolzip® Bolsas Herméticas Medianas con cierre Facil x 6 Un 18 x 20 cm,LIMPIEZA,INDUSTRIAS IBERIA S.A.I.C.,7790900046149,"$ 80,15",NA
Jabon Espumoso Antibacterial Cereza y Canela Doypack x 250 Ml,PERFUMERÍA Y CUIDADO PERSONAL,ALGABO S.A.,7791274004957,"$ 79,90",NA
Jabon Espumoso Antibacterial Manzana y Magnolía Doypack x 250 Ml,PERFUMERÍA Y CUIDADO PERSONAL,ALGABO S.A.,7791274004933,"$ 79,90",NA
Jabon Liquido Coco y Vainilla Valvula Algabo x 300 Ml,PERFUMERÍA Y CUIDADO PERSONAL,ALGABO S.A.,7791274000713,"$ 89,00",NA
Jabon Liquido para bebe con Valvula Baby x 200 Ml,BEBÉS,ALGABO S.A.,7791274198243,"$ 95,00",NA
Jabon Liquido para manos Coco y Vainilla Valvula Life Quality x 250 Ml,PERFUMERÍA Y CUIDADO PERSONAL,LABORATORIOS ESME S.A.I.C,7791199003356,"$ 89,00",NA
Jabon Liquido para manos Durazno Valvula Life Quality x 250 Ml,PERFUMERÍA Y CUIDADO PERSONAL,LABORATORIOS ESME S.A.I.C,7791199004353,"$ 89,00",NA
Jabon Liquido para manos Glicerina Valvula Life Quality x 250 Ml,PERFUMERÍA Y CUIDADO PERSONAL,LABORATORIOS ESME S.A.I.C,7791199003332,"$ 89,00",
Jabon Liquido para manos Mora y Lirio Valvula Life Quality x 250 Ml,PERFUMERÍA Y CUIDADO PERSONAL,LABORATORIOS ESME S.A.I.C,7791199004360,"$ 89,00",
Jabon Líquido Antibacterial Doypack x 300 Ml,PERFUMERÍA Y CUIDADO PERSONAL,ALGABO S.A.,7791274000881,"$ 74,00",
Jabon para bebe pastilla con estuche Baby x 80 Gr,BEBÉS,ALGABO S.A.,7791274197307,"$ 44,00",
Jabón Antibacterial Rexona Fresh x 90 Gr,PERFUMERÍA Y CUIDADO PERSONAL,UNILEVER,7791293035604,"$ 34,11",
Jabón de Glicerina DUC NEUTRO 2 x 125 Gr,PERFUMERÍA Y CUIDADO PERSONAL,JOSÉ GUMA,7790828001459,"$ 75,53",
Jabón Flor de Verbena Lux x 3 Un x 125 Gr,PERFUMERÍA Y CUIDADO PERSONAL,UNILEVER,7791293037585,"$ 84,40",
Jabón GIGANTE de Lavar la Ropa 1 x 200 Gr,LIMPIEZA,JOSÉ GUMA,7790828103313,"$ 23,89",
Jardinera Dulcor Lata x 300 Gr,ALMACÉN,DULCOR,7793046079859,"$ 26,76",Sí
"Jugo de Limon ""San Bernardino"" x 500 Cc",ALMACÉN,SAN BERNARDINO,7790939000716,"$ 72,10",
"Jugo de Limon ""San Bernardino"" x 930 Cc",ALMACÉN,SAN BERNARDINO,7790939000723,"$ 99,90",
Jugo de Limón x 500 cc,ALMACÉN,VIA DELICIAS,7791136468279,"$ 58,00",
Jugo Plenty Life Durazno x 1 Lt,BEBIDAS SIN ALCOHOL,PURA FRESH,7798125300275,"$ 43,00",
Jugo Pura Fresh sabor Naranja con Pulpa x 1 Lt,BEBIDAS SIN ALCOHOL,ALIMENTOS REFRIGERADOS S.A.,7798125300324,"$ 81,90",Sí
"Kit de viaje de Adulto compuesto por un neceser, un cepillo y una pasta de 25 Gr",PERFUMERÍA Y CUIDADO PERSONAL,INT´L BUSINESS CONSULTANT S.R.L,7798344320047,"$ 160,00",
"Kit escolar compuesto por un neceser, un cepillo y una pasta de 25 Gr",PERFUMERÍA Y CUIDADO PERSONAL,INT´L BUSINESS CONSULTANT S.R.L,EAN a confirmar,"$ 160,00",
Kit familiar compuesto por dos cepillos de adulto y uno infantil,PERFUMERÍA Y CUIDADO PERSONAL,INT´L BUSINESS CONSULTANT S.R.L,7798344320016,"$ 103,00",
Lampara Bulbo Blanco Cálido Macroled A55 7W E27 610LM,ILUMINACION,MACROLED,7428325564602,"$ 61,50",
Lampara Bulbo Blanco Cálido Macroled A60 10W E27 880LM,ILUMINACION,MACROLED,7428325564633,"$ 64,00",
Lampara Bulbo Blanco Cálido Macroled A60 15W E27 1350LM,ILUMINACION,MACROLED,7428325568389,"$ 83,00",
Lampara Bulbo Blanco Frío Macroled A55 7W E27 630LM,ILUMINACION,MACROLED,7428325564589,"$ 61,50",
Lampara Bulbo Blanco Frío Macroled A60 10W E27 900LM,ILUMINACION,MACROLED,7428325564619,"$ 64,00",
Lampara Bulbo Blanco Frío Macroled A60 15W E27 1450LM,ILUMINACION,MACROLED,7428325568402,"$ 83,00",
Leberwust Cagnoli x 150 Gr,FIAMBRERÍA,CAGNOLI,7798013103155,"$ 36,84",
Leche Chocolatada Milkaut x 200 Cc,LÁCTEOS,MILKAUT,7794820004159,"$ 28,20",Sí
Leche Descremada en Sachet La Martona x 1 Lt,LÁCTEOS,MASTELLONE HNOS. S.A.,7790742186201,"$ 39,74",Sí
Leche Descremada UAT Apóstoles x 1 Lt,LÁCTEOS,ADECOAGRO,7798338290110,"$ 44,29",Sí
Leche en Polvo Descremada Sancor x 400 Gr,LÁCTEOS,SANCOR,7790080044171,"$ 141,75",Sí
Leche en Polvo Entera 26% Mg Inst. Fortif. C/Vit A&D Libre de Gluten-SIN TACC Manfrey x 800 Gr,LÁCTEOS,MANFREY COOP. DE TAMBEROS,7791058010815,,Sí
Leche en Polvo Entera Sancor x 400 Gr,LÁCTEOS,SANCOR,7790080043846,"$ 155,40",Sí
Leche Entera en Sachet La Martona x 1 Lt,LÁCTEOS,MASTELLONE HNOS. S.A.,7790742186102,"$ 39,74",Sí
Leche Entera UAT Apóstoles x 1 Lt,LÁCTEOS,ADECOAGRO,7798338290103,"$ 44,29",Sí
"Leche Modificada en Polvo Instantánea Fortificada con Vit.A, D y C Formidable Paquete x 800 Grs",LÁCTEOS,SA LA SIBILA,7798095171059,"$ 231,59",Sí
Lentejas Secas x 400 Gr,SIN TACC,CAZENAVE,7798337861151,"$ 59,75",Sí
Limpiador de Piso NH3 x 1800 cc Colores Citrus,LIMPIEZA,CLEANER S.A.,7793150000343,"$ 76,00",
Limpiador de Piso NH3 x 1800 cc Colores de Amor,LIMPIEZA,CLEANER S.A.,7793150000299,"$ 76,00",
Limpiador de Piso NH3 x 1800 cc Colores de Primavera,LIMPIEZA,CLEANER S.A.,7793150000312,"$ 76,00",
Limpiador de Piso NH3 x 1800 cc Colores del Mar,LIMPIEZA,CLEANER S.A.,7793150000305,"$ 76,00",
Limpiador de Piso NH3 x 1800 cc Colores Frutales,LIMPIEZA,CLEANER S.A.,7793150000329,"$ 76,00",
Limpiador de Piso NH3 x 1800 cc Colores Silvestres,LIMPIEZA,CLEANER S.A.,7793150000336,"$ 76,00",
Limpiador de Piso NH3 x 4 litros Colores Citrus,LIMPIEZA,CLEANER S.A.,7793150000404,"$ 145,00",NA
Limpiador de Piso NH3 x 4 litros Colores de Amor,LIMPIEZA,CLEANER S.A.,7793150000350,"$ 145,00",NA
Limpiador de Piso NH3 x 4 litros Colores de Primavera,LIMPIEZA,CLEANER S.A.,7793150000374,"$ 145,00",NA
Limpiador de Piso NH3 x 4 litros Colores del Mar,LIMPIEZA,CLEANER S.A.,7793150000367,"$ 145,00",NA
Limpiador de Piso NH3 x 4 litros Colores Frutales,LIMPIEZA,CLEANER S.A.,7793150000381,"$ 145,00",NA
Limpiador de Piso NH3 x 4 litros Colores Silvestres,LIMPIEZA,CLEANER S.A.,7793150000398,"$ 145,00",NA
Limpiador de Piso NH3 x 900 cc Colores Citrus,LIMPIEZA,CLEANER S.A.,7793150000282,"$ 45,00",NA
Limpiador de Piso NH3 x 900 cc Colores de Amor,LIMPIEZA,CLEANER S.A.,7793150000237,"$ 45,00",NA
Limpiador de Piso NH3 x 900 cc Colores de Primavera,LIMPIEZA,CLEANER S.A.,7793150000251,"$ 45,00",NA
Limpiador de Piso NH3 x 900 cc Colores del Mar,LIMPIEZA,CLEANER S.A.,7793150000244,"$ 45,00",NA
Limpiador de Piso NH3 x 900 cc Colores Frutales,LIMPIEZA,CLEANER S.A.,7793150000268,"$ 45,00",NA
Limpiador de Piso NH3 x 900 cc Colores Silvestres,LIMPIEZA,CLEANER S.A.,7793150000275,"$ 45,00",NA
Lámpara LED de 7w Luz Fría.,ILUMINACION,PHILCO,7796962532149,"$ 67,00",NA
Lápices de colores cortos PELIKAN x 12 colores,LIBRERÍA,PELIKAN ARGENTINA S.A.,7792700371667,"$ 92,10",NA
Lápiz Grafito Pinto HB x 12 Un,LIBRERÍA,BENNY PEN,7795513043868,"$ 94,92",NA
Líquido para Lavar la Ropa Baja Espuma Ala Doypack x 800 Ml,LIMPIEZA,UNILEVER,7791290011496,"$ 110,00",NA
Líquido para Lavar la Ropa Netic Doy Pack x 3 Lt,LIMPIEZA,QUERUCLOR SRL,7791905003878,"$ 282,96",NA
Líquido para Lavar la Ropa Netic Doy Pack x 800 Ml,LIMPIEZA,QUERUCLOR SRL,7791905003861,"$ 86,61",NA
Madalenas Dulce Aventura Marmolada x 225 Gr,PANIFICADOS,ESTABLECIMIENTO LA CUMBRE SA,816855020779,"$ 65,00",NA
Madalenas Dulce Aventura Vainilla x 225 Gr,PANIFICADOS,ESTABLECIMIENTO LA CUMBRE SA,816855020748,"$ 65,00",NA
Magimasa Pelikan pote amarillo - 120 Gr,LIBRERÍA,PELIKAN ARGENTINA S.A.,7501015223208,"$ 98,00",
Magimasa Pelikan pote azul - 120 Gr,LIBRERÍA,PELIKAN ARGENTINA S.A.,7501015223215,"$ 98,00",
Magimasa Pelikan pote rojo - 120 Gr,LIBRERÍA,PELIKAN ARGENTINA S.A.,7501015223222,"$ 98,00",
Magimasa Pelikan pote verde - 120 Gr,LIBRERÍA,PELIKAN ARGENTINA S.A.,7501015223239,"$ 98,00",
Manteca Chelita x 100 Gr,LÁCTEOS,SANCOR,7790080010657,"$ 46,75",
Manzana Comercial x 1 Kg,FRUTAS Y VERDURAS,SUPERMERCADO,10005,"$ 37,55",Sí
Mate Cocido en Saquitos Chamigo x 25 Un,ALMACÉN,MOLINOS RIO DE LA PLATA,7790070506269,"$ 32,00",
Mayonesa Reducida en Calorías Majesta x 250 Gr,ALMACÉN,GENTE DE LA PAMPA S.A.,7793377524219,"$ 19,66",
Mayonesa Ri-K Doypack x 485 Gr,ALMACÉN,UNILEVER,7794000000575,"$ 65,30",Sí
Maíz Pisado Blanco x 500 Gr,SIN TACC,CAZENAVE,7798337862219,"$ 43,92",Sí
Maíz Pisingallo x 500 Gr,SIN TACC,CAZENAVE,7798337862011,"$ 35,26",Sí
Medallones de carne 18 Friar paquete 2 Un x 138 Gr,ALIMENTOS CONGELADOS,FRIAR SA,7793040023216,"$ 37,00",
Medallón de Carne Vacuno con Soja Tres Cruces x 2 Un x 110 Gr,ALIMENTOS CONGELADOS,QUICKFOOD,7790670051404,"$ 35,00",
Mermelada Ciruela La Campagnola x 454 Gr,ALMACÉN,ARCOR,7793360801709,"$ 72,80",Sí
Mermelada Damasco Dulcor x 454 Gr,ALMACÉN,DULCOR,7793046008453,"$ 55,44",Sí
Mermelada Durazno Doypack Dulcor x 340 Gr,ALMACÉN,DULCOR,7793046009313,"$ 51,50",Sí
Milanesa de ARVEJAS - Manjar de los Dioses x 4 Un x 300 Gr,ALIMENTOS CONGELADOS,LEGUMBRESA S.R.L.,7798109400038,,
Milanesa de GARBANZOS - Manjar de los Dioses x 4 Un x 300 Gr,ALIMENTOS CONGELADOS,LEGUMBRESA S.R.L.,7798109400069,,
Milanesa de Soja Rell Aceituna - Manjar de los Dioses x 4 Un x 330 Gr,ALIMENTOS CONGELADOS,LEGUMBRESA S.R.L.,7798109400267,,
Milanesa de Soja Rell Morrón - Manjar de los Dioses x 4 Un x 330 Gr,ALIMENTOS CONGELADOS,LEGUMBRESA S.R.L.,7798109400274,,
Mortadela Mini x 300 Gr,FIAMBRERÍA,CAGNOLI,7798013106910,"$ 89,90",
Mozzarella Pemai x 100 Gr (Venta al peso),LÁCTEOS,LÁCTEOS AURORA,EAN a confirmar,"$ 33,80",
Mr. Músculo Antigrasa Cocina Doy Pack x 450 Ml,LIMPIEZA,S.C. JOHNSON & SON DE ARG. S.A.,7790520012432,"$ 49,38",
Mr. Músculo Multiuso y Vidrios rep. Doy Pack x 450 Ml,LIMPIEZA,S.C. JOHNSON & SON DE ARG. S.A.,7790520018649,"$ 46,77",
Multitas King Crowie Mix x 30 Gr,SIN TACC,ESTABLECIMIENTO FIN DEL MUNDO S.A.,7798228640346,"$ 35,00",Sí
Muslo Pollo IQF x 800 Gr,CARNE,POLLOLÍN SA,7796333812030,"$ 141,75",
Nugaton Leche 27 Gr x 3 Un,ALMACÉN,BONAFIDE,7792360072515,"$ 85,00",
Orégano en Hojas Yuspe x 25 Gr,ALMACÉN,JOSE LLENES S.A.C.I.F,7794980931234,"$ 22,05",Sí
Orégano x 25 Gr,ALMACÉN,ESPECIAS KOKITO S.A.,7792258000163,"$ 24,08",
Palillero Dos Picos 2 x 50 Un,LIMPIEZA,INDUSTRIAS IBERIA S.A.I.C.,7790900006617,"$ 39,07",
Palitos Almendra x 360 Gr,PANIFICADOS,PRODUCTOS TRIMAK S.A.,7798024290530,"$ 55,20",NA
Palitos Brochettes Iberia 25 Cm x 25 Un,LIMPIEZA,INDUSTRIAS IBERIA S.A.I.C.,7790900001155,"$ 38,50",NA
Pan con Salvado Lactal x 350 Gr,ALMACÉN,GRUPO BIMBO,7793890253146,"$ 61,53",NA
Pan con Salvado Lactal x 350 Gr,ALMACÉN,GRUPO BIMBO,7793890251081,"$ 59,95",NA
Pan con Salvado Lactal x 630 Gr,ALMACÉN,GRUPO BIMBO,7793890001143,"$ 108,86",NA
Pan de Mesa Lactal x 320 Gr,ALMACÉN,GRUPO BIMBO,7793890253139,"$ 58,35",NA
Pan de Mesa Lactal x 335 Gr,ALMACÉN,GRUPO BIMBO,7793890250992,"$ 56,62",NA
Pan de Mesa Lactal x 560 Gr,ALMACÉN,GRUPO BIMBO,7793890001129,"$ 105,55",NA
Pan Dulce Dulcor x 500 Gr,ALMACÉN,DULCOR,7793046611905,"$ 98,90",NA
Pan Lacteado Veneziana x 620 Gr,ALMACÉN,PANIFICADORA VENEZIANA S.A.,7791708001514,"$ 89,25",NA
Pan para Hamburguesa Veneziana x 210 Gr,ALMACÉN,PANIFICADORA VENEZIANA S.A.,7791708001248,"$ 36,73",
Pan para Panchos Veneziana x 210 Gr,ALMACÉN,PANIFICADORA VENEZIANA S.A.,7791708001378,"$ 36,73",
Pan Rallado Morixe x 1 kg,ALMACÉN,MORIXE,7790199602927,"$ 76,91",
Pan Rallado Morixe x 500 Gr,ALMACÉN,MORIXE,7790199602910,"$ 46,76",
Pan Árabe Blanco Bimbo x 230 Gr,ALMACÉN,GRUPO BIMBO,7796989010293,"$ 48,18",
Paños Multiuso Mapa Virulana 4 Un,LIMPIEZA,MAPA VIRULANA S.A.I. Y C.,7794440000203,"$ 149,90",
Papa x 1 Kg,FRUTAS Y VERDURAS,SUPERMERCADO,10003,"$ 19,13",Sí
Papel Higienico Doble Hoja Campanita XL 50 mts x 4 Un,LIMPIEZA,CELULOSA CAMPANA S.A.,7791070005349,"$ 198,45",
Papel Higiénico Doble Hoja Decorado Sweety 4 Un x 30 Mt,LIMPIEZA,PAPELERA SAN ANDRÉS DE GILES S.A.,7791828000213,"$ 81,28",
Pasas de uva x 50 Gr,ALMACÉN,ESPECIAS KOKITO S.A.,7792258000187,"$ 41,42",
Pascualina Light Don Celedonio x 360 Gr,PASTAS Y TAPAS,LA SALTEÑA,7790236621010,"$ 58,00",
Pañales Huggies Active Sec Regular G x 9 Un,BEBÉS,KIMBERLY CLARK ARGENTINA S.A.,7794626008795,"$ 159,00",
Pañales Huggies Active Sec Regular M x 10 Un,BEBÉS,KIMBERLY CLARK ARGENTINA S.A.,7794626008788,"$ 159,00",
Pañales Huggies Active Sec Regular XG x 8 Un,BEBÉS,KIMBERLY CLARK ARGENTINA S.A.,7794626008801,"$ 159,00",
Pañales Huggies Active Sec Regular XXG x 8 Un,BEBÉS,KIMBERLY CLARK ARGENTINA S.A.,7794626008818,"$ 159,00",
Picadita Crowie Mix x 30 Gr,SIN TACC,ESTABLECIMIENTO FIN DEL MUNDO S.A.,7798228640360,"$ 35,00",Sí
Pimentón x 25 Gr,ALMACÉN,ESPECIAS KOKITO S.A.,7792258000231,"$ 19,19",
Pimienta Blanca Molida en Sobre Dos Anclas x 25 Gr,ALMACÉN,CIA.INTRODUCTORA BS.AS.,7792900009025,"$ 50,65",
Pimienta Negra Molida x 25 Gr,ALMACÉN,ESPECIAS KOKITO S.A.,7792258000217,"$ 23,92",
Pluma Escolar PELIKAN con cartucho + 1 SUPER PIRAT,LIBRERÍA,PELIKAN ARGENTINA S.A.,7792700003650,"$ 89,00",
Pochoclo Dulce Pisingallo Semix x 80 Gr,ALMACÉN,SEMIX,76625198958,"$ 50,00",
Polenta Morixe x 500 Gr,ALMACÉN,MORIXE,7790199603207,"$ 26,99",
Polenta Morixe x 500 Gr,ALMACÉN,MORIXE,7792170007196,"$ 29,69",
Polvo para Preparar Gelatina Sabor Frambuesa Royal x 40 Gr,ALMACÉN,MONDELEZ,7622300865542,"$ 33,39",Sí
Polvorón con Chips de chocolate x 300 Gr,PANIFICADOS,PRODUCTOS TRIMAK S.A.,7798024290554,"$ 55,20",
Polvorón Limón x 360 Gr,PANIFICADOS,PRODUCTOS TRIMAK S.A.,7798024290523,"$ 55,20",
Porotos Alubia x 500 Gr,SIN TACC,CAZENAVE,7798337860314,"$ 63,21",Sí
Postre Chocolate Blanco con Dulce de Leche Sancor Sublime Pack 2 x 200 Gr,LÁCTEOS,ALIMENTOS REFRIGERADOS S.A.,7798321150537,"$ 46,28",Sí
Postre Chocolate con Dulce de Leche Sancor Sublime Pack 2 x 200 Gr,LÁCTEOS,ALIMENTOS REFRIGERADOS S.A.,7798321150056,"$ 46,28",Sí
Postre Dulce de Leche con Dulce de Leche Sancor Sublime Pack 2 x 200 Gr,LÁCTEOS,ALIMENTOS REFRIGERADOS S.A.,7798321150063,"$ 46,28",Sí
Postre Entero Chocolate con Dulce de Leche Shimy Pote x 120 Gr,LÁCTEOS,ALIMENTOS REFRIGERADOS S.A.,7790080040913,"$ 33,25",Sí
Postre Entero Chocolate Shimy Pote x 120 Gr,LÁCTEOS,ALIMENTOS REFRIGERADOS S.A.,7790080040906,"$ 33,25",Sí
Postre Entero Dulce de Leche Shimy Pote x 120 Gr,LÁCTEOS,ALIMENTOS REFRIGERADOS S.A.,7790080040920,"$ 33,25",Sí
Postre Entero Vainilla con Dulce de Leche Shimy Pote x 120 Gr,LÁCTEOS,ALIMENTOS REFRIGERADOS S.A.,7790080040890,"$ 33,25",Sí
Postre Entero Vainilla Shimy Pote x 120 Gr,LÁCTEOS,ALIMENTOS REFRIGERADOS S.A.,7790080040876,"$ 33,25",Sí
Postre Vainilla con Dulce de Leche Sancor Sublime Pack 2 x 200 Gr,LÁCTEOS,ALIMENTOS REFRIGERADOS S.A.,7798321150520,"$ 46,28",Sí
Premezcla de Chipa Luchetti x 250 Gr,ALMACÉN,MOLINOS RIO DE LA PLATA,7790070506665,"$ 118,00",
Preservativos Texturado Tulipán x 3 Un,PERFUMERÍA Y CUIDADO PERSONAL,KOPELCO S.A.,7791014090332,"$ 70,83",
Pronto Bitt Lata x 473 Ml,BEBIDAS CON ALCOHOL,GRUPO CEPAS,7790950610581,"$ 59,80",
Provenzal Dos Anclas Sobre x 25 Gr,ALMACÉN,CIA.INTRODUCTORA BS.AS.,7792900009230,"$ 37,69",
Provenzal x 25 Gr,ALMACÉN,ESPECIAS KOKITO S.A.,7792258000491,"$ 22,88",
Pulpa de Tomates Silvia Doypack x 340 Gr,ALMACÉN,GOLDEN HARVEST S.A.,7790500001135,"$ 21,01",
Puré de Papas Cremoso Chef x 100 Gr,ALMACÉN,NESTLÉ,7613037089240,"$ 46,40",
Puré de Tomate Arcor x 520 Gr,ALMACÉN,ARCOR,7790580221904,"$ 31,05",Sí
Puré de Tomates Silvia Doypack x 340 Gr,ALMACÉN,GOLDEN HARVEST S.A.,7790500001142,"$ 22,14",
Queso Cremoso Horma Ricrem x 1 Kg,LÁCTEOS,MOLFINO HNOS. S.A.,7794990800186,"$ 307,55",Sí
Queso Port Salut Light Horma La Paulina x 1 Kg,LÁCTEOS,MOLFINO HNOS. S.A.,7794990872053,"$ 343,17",Sí
Queso Untable Cremoso Mendicrim Light x 300 Gr,LÁCTEOS,SANCOR,7790080040142,"$ 83,90",Sí
Queso Untable Original Mendicrim x 300 Gr,LÁCTEOS,SANCOR,7790080040135,"$ 83,90",Sí
Quitaesmalte de Uñas Fortalecedor Vivant x 120 Ml,PERFUMERÍA Y CUIDADO PERSONAL,COSMETEC S.A.,7792143000445,"$ 66,50",
Quitaesmalte de Uñas Humectante Vivant x 120 Ml,PERFUMERÍA Y CUIDADO PERSONAL,COSMETEC S.A.,7792143100893,"$ 66,50",NA
Ravioles de Pollo y Verdura Don Celedonio x 450 Gr,PASTAS Y TAPAS,LA SALTEÑA,7790236620877,"$ 75,00",NA
Rebozador Morixe x 1 Kg,ALMACÉN,MORIXE,7790199602941,"$ 76,91",NA
Rebozador Morixe x 500 Gr,ALMACÉN,MORIXE,7790199602934,"$ 46,76",NA
Repelente de Mosquitos en Spray x 200 Ml,PERFUMERÍA Y CUIDADO PERSONAL,COSMETEC S.A.,7792143730014,"$ 115,00",NA
Repelente en Aerosol Fuyi x 165 Ml,PERFUMERÍA Y CUIDADO PERSONAL,S.C. JOHNSON & SON DE ARG. S.A.,7790520990075,"$ 72,92",NA
Roller + Cartucho Grand Prix Arl Pelikan Blíster x 1 Un,LIBRERÍA,PELIKAN ARGENTINA S.A.,7792700003025,"$ 98,00",NA
Rollo de Cocina Decorado Sweety Cuisine 60 Paños x 3 Un,LIMPIEZA,PAPELERA SAN ANDRÉS DE GILES S.A.,7791828000565,"$ 77,68",NA
Saborizante para Carne Dos Anclas Sobre x 25 Gr,ALMACÉN,CIA.INTRODUCTORA BS.AS.,7792900000268,"$ 25,99",NA
Saborizante para Pescados Dos Anclas Sobre x 25 Gr,ALMACÉN,CIA.INTRODUCTORA BS.AS.,7792900000282,"$ 25,99",NA
Salchichas cocidas sin piel Nutryte x 6 Un x 190 Gr,FIAMBRERÍA,FRIAR SA,7793040001047,"$ 31,00",
Salsa Blanca x 40 Gr,ALMACÉN,ESPECIAS KOKITO S.A.,7792258000538,"$ 12,38",
Salsa Chimichurri Tau Delta Sobre x 90 Gr,ALMACÉN,CIA.INTRODUCTORA BS.AS.,7798146138499,"$ 28,07",
Salsa de Ajo Línea Doy Pack x 400 cc,ALMACÉN,VIA DELICIAS,7798338660029,"$ 53,00",
Salsa de Pimienta Negra Línea Doy Pack x 400 cc,ALMACÉN,VIA DELICIAS,7798338660036,"$ 53,00",
Salsa de Soja Pet Vanoli x 350 Cc,ALMACÉN,VANOLI Y CIA S.A.,7790127789447,"$ 57,80",Sí
Salsa Filetto Montenevi x 340 Gr,ALMACÉN,NUTREMAS,7792290000367,"$ 32,90",
Salsa Pizza Montenevi x 340 Gr,ALMACÉN,NUTREMAS,7792290000374,"$ 32,90",
Salsa Pomarola Montenevi x 340 Gr,ALMACÉN,NUTREMAS,7792290000381,"$ 32,90",
"Secador plástico de Piso VIRULANA ""SECARAPID"" de 30cm x 1 Un",LIMPIEZA,MAPA VIRULANA S.A.I. Y C.,7794440007172,"$ 129,90",
Servilletas Blancas Cartabella 32 x 70 Un,LIMPIEZA,PAPELERA SAN ANDRÉS DE GILES S.A.,7791828004914,"$ 28,80",
Shampoo Aguacate y Argan Doypack x 300 Ml,PERFUMERÍA Y CUIDADO PERSONAL,ALGABO S.A.,7791274196959,"$ 54,00",
Shampoo Bomba Argan Sedal x 340 Ml,PERFUMERÍA Y CUIDADO PERSONAL,UNILEVER,7791293036311,"$ 105,00",
Shampoo Brillo Sublime Effect Plusbelle x 650 Ml,PERFUMERÍA Y CUIDADO PERSONAL,ALICORP,7790740507732,"$ 77,33",
"Snack de arroz CARAMELO, DON PANCHO x 45 grs",GALLETITAS,GALLETAS DON PANCHO S.A.,7798033900253,"$ 30,06",
Snack de Arroz Libre de Gluten Sabor Jamon Crowie x 50 Gr,SIN TACC,ESTABLECIMIENTO FIN DEL MUNDO S.A.,7798228640407,"$ 35,00",Sí
Snack de Arroz Libre de Gluten Sabor Pizza Crowie x 50 Gr,SIN TACC,ESTABLECIMIENTO FIN DEL MUNDO S.A.,7798228640414,"$ 35,00",Sí
Snack de Arroz Libre de Gluten Sabor Queso Crowie x 50 Gr,SIN TACC,ESTABLECIMIENTO FIN DEL MUNDO S.A.,7798228640421,"$ 35,00",Sí
"Snack de arroz SIN SAL AGREGADA, DON PANCHO x 45 grs",GALLETITAS,GALLETAS DON PANCHO S.A.,7798033900284,"$ 30,06",
Sopa Crema de Arvejas y Jamón Alicante x 68 Gr,ALMACÉN,LA VIRGINIA,7790150441367,"$ 45,29",
Suavizante Comfort Intense Original Dp x 450 Ml,LIMPIEZA,UNILEVER,7791290788183,"$ 132,03",NA
Suavizante para Ropa Celeste Woody Doy Pack x 3 Lt,LIMPIEZA,QUERUCLOR SRL,7791905022749,"$ 159,38",NA
Suavizante para Ropa Celeste Woody Doy Pack x 900 Ml,LIMPIEZA,QUERUCLOR SRL,7791905000426,"$ 53,12",NA
Suavizante para Ropa Delicare Doy Pack x 900 cc,LIMPIEZA,CLEANER S.A.,7790410000433,"$ 79,00",NA
Suavizante Zorro Rosas y Flores B. 3Lt,LIMPIEZA,ALICORP,7790990999073,"$ 235,21",NA
Talco Pedico Algabo Doypack x 200 Gr,PERFUMERÍA Y CUIDADO PERSONAL,ALGABO S.A.,7791274196416,"$ 69,80",NA
Talco Pedico Algabo Talquera x 60 Gr,PERFUMERÍA Y CUIDADO PERSONAL,ALGABO S.A.,7791274003110,"$ 51,00",NA
Talitas Tradicionales Don Satur x 140 Gr,ALMACÉN,DON SATUR,7795735000106,"$ 57,00",NA
Tampones Femeninos Tamaño Medio Íntima x 16 Un,PERFUMERÍA Y CUIDADO PERSONAL,JVASWISS PERSONAL CARE PRODUCTS SRL,662425027132,"$ 86,88",NA
Tampones Femeninos Tamaño Super Íntima x 16 Un,PERFUMERÍA Y CUIDADO PERSONAL,JVASWISS PERSONAL CARE PRODUCTS SRL,662425027149,"$ 86,88",NA
Tapas para Empanada Horno Mendía X 12 Un,PASTAS Y TAPAS,CASAMEN SA,7790522000796,"$ 38,52",
Tapas para Empanadas de Hojaldre Don Celedonio x 15 Un,PASTAS Y TAPAS,LA SALTEÑA,7790236620990,"$ 59,00",
Tomates Enteros Pelados Silvia Lata x 400 Gr,ALMACÉN,GOLDEN HARVEST S.A.,7790500005959,"$ 29,52",
Tomates Triturados Silvia Doypack x 340 Gr,ALMACÉN,GOLDEN HARVEST S.A.,7790500001166,"$ 27,14",
Tostadas de Arroz Salada Dos Hermanos x 120 Gr,SIN TACC,DOS HERMANOS SA,7790503000333,"$ 38,00",Sí
Tostadas de Arroz Sin Sal Dos Hermanos x 120 Gr,SIN TACC,DOS HERMANOS SA,7790503000326,"$ 38,00",Sí
Tostadas Diet Multicereal Tradicional x 200 Gr,GALLETITAS,FITZ ROY BIO NUTRICION S.A,7798011080052,"$ 79,00",
Tostadas Dieteticas GlutenPlus + x 200 Gr,GALLETITAS,FITZ ROY BIO NUTRICION S.A,806773050040,"$ 79,00",
Tostadas Dieteticas Sin Sal Calcio Plus + x 200 Gr,GALLETITAS,FITZ ROY BIO NUTRICION S.A,806773050026,"$ 74,00",
Tostadas Dulces Reducidas en Azúcar y Grasas Totales x 200 Gr,GALLETITAS,FITZ ROY BIO NUTRICION S.A,806773005033,"$ 79,00",
Turron de Maní Blando x 130 Gr,ALMACÉN,GEORGALOS,7790380003267,"$ 79,00",
Vainilla Líquida Yuspe x 110 Cc,ALMACÉN,JOSE LLENES S.A.C.I.F,7794980912233,"$ 43,15",Sí
"Vinagre de alcohol ""San Bernardino"" 500 Cc",ALMACÉN,SAN BERNARDINO,7790939000020,"$ 28,51",
"Vinagre de alcohol ""San Bernardino"" x 930 Cc",ALMACÉN,SAN BERNARDINO,7790939000938,"$ 34,81",
Vinagre de Alcohol El Sureño x 500 Cc,ALMACÉN,TAMBURINI S.A.,7792594001053,"$ 36,45",
"Vinagre de manzana ""San Bernardino"" x 500 Cc",ALMACÉN,SAN BERNARDINO,7790939000068,"$ 36,68",
"Vinagre de manzana ""San Bernardino"" x 930 Cc",ALMACÉN,SAN BERNARDINO,7790939000952,"$ 44,40",
Vinagre de Manzana Alcazar x 500 Cc,ALMACÉN,MENOYO,7790130000287,"$ 40,00",
Vinagre de Manzana El Sureño x 500 Cc,ALMACÉN,TAMBURINI S.A.,7792594003026,"$ 50,50",
"Vinagre de vino ""San Bernardino"" x 500 Cc",ALMACÉN,SAN BERNARDINO,7790939000044,"$ 33,37",
"Vinagre de vino ""San Bernardino"" x 930 Cc",ALMACÉN,SAN BERNARDINO,7790939000945,"$ 40,49",NA
Vinagre de Vino Alcazar x 500 Cc,ALMACÉN,MENOYO,7790130000270,"$ 36,00",NA
Vinagre de Vino El Sureño x 500 Cc,ALMACÉN,TAMBURINI S.A.,7792594002067,"$ 48,50",NA
Vinagreta Balsámica Botella x 500 cc,ALMACÉN,VIA DELICIAS,7790216461162,"$ 64,00",NA
Vino Bi Varietal Cabernet Merlot Suter x 750 Cc,BEBIDAS CON ALCOHOL,GRUPO PEÑAFLOR,7790704169600,"$ 87,97",NA
Vino Bi Varietal Syrah Cabernet Suter x 750 Cc,BEBIDAS CON ALCOHOL,GRUPO PEÑAFLOR,7790704169587,"$ 87,97",NA
Vino Blanco Etiqueta Negra Santa Ana x 750 Cc,BEBIDAS CON ALCOHOL,GRUPO PEÑAFLOR,7790762050926,"$ 55,14",NA
Vino Blanco Tetra Arizu x 1000 Ml,BEBIDAS CON ALCOHOL,FECOVITA,7790314057083,"$ 52,90",NA
Vino Cabernet Malbec Canciller 750 Ml,BEBIDAS CON ALCOHOL,FECOVITA COOP LTDA,7790314000232,"$ 109,71",NA
Vino Cabernet Sauvignon Canciller x 750 Ml,BEBIDAS CON ALCOHOL,FECOVITA COOP LTDA,7790314000133,"$ 109,71",NA
Vino Canciller Blend III 6 x 1125 Ml,BEBIDAS CON ALCOHOL,FECOVITA COOP LTDA,7790314011252,"$ 98,65",NA
Vino Nolita Sweet x 750 Cc,BEBIDAS CON ALCOHOL,GRUPO PEÑAFLOR,7791540049651,"$ 121,26",NA
Vino Resero Clásico x 1125 Ml,BEBIDAS CON ALCOHOL,FECOVITA COOP LTDA,7790314007170,"$ 71,90",NA
"Vino Tinto Borgoña Michel Torino 1,125 Lt",BEBIDAS CON ALCOHOL,GRUPO PEÑAFLOR,7790189041224,"$ 118,00",NA
Vino Tinto Etiqueta Negra Santa Ana x 750 Cc,BEBIDAS CON ALCOHOL,GRUPO PEÑAFLOR,7790762050919,"$ 59,07",NA
Vino Tinto Santa Ana Rumbos 750 Ml,BEBIDAS CON ALCOHOL,GRUPO PEÑAFLOR,7790762011163,"$ 76,00",NA
Vino Tinto Tetra Arizu x 1000 Ml,BEBIDAS CON ALCOHOL,FECOVITA,7790314057076,"$ 62,90",NA
Vino Tinto Toro Lacrado x 750 Cc,BEBIDAS CON ALCOHOL,FECOVITA COOP LTDA,7790314009518,"$ 53,66",NA
Vino Tinto Toro Viejo x 1125 Ml,BEBIDAS CON ALCOHOL,FECOVITA COOP LTDA,7790314005305,"$ 81,74",NA
Vino Tinto Viñas de Orfila x 700 Cc,BEBIDAS CON ALCOHOL,GRUPO CEPAS,7792870006253,"$ 73,70",NA
Vino Trapiche Alaris Dulce Cosecha Rose x 750 Cc,BEBIDAS CON ALCOHOL,GRUPO PEÑAFLOR,7790240095289,"$ 102,39",
Vino Trapiche Alaris Dulce Cosecha x 750 Cc,BEBIDAS CON ALCOHOL,GRUPO PEÑAFLOR,7790240041880,"$ 102,39",
Vitina Vegetales x 250 Gr,ALMACÉN,MOLINOS RIO DE LA PLATA,7790070318909,"$ 60,00",
Yerba Mate Caá Yarí x 500 Gr,ALMACÉN,GERULA S.A.,7790802000492,"$ 55,00",
Yerba Mate compuesta elaborada con Palo Chamigo x 500 Gr,ALMACÉN,MOLINOS RIO DE LA PLATA,7790060054961,"$ 70,00",Sí
Yerba Mate Romance Suave x 1 Kg,ALMACÉN,GERULA S.A.,7790802000164,"$ 136,64",Sí
Yerba Mate Ytacuá x 1 Kg,ALMACÉN,ESTABLECIMIENTO LAS MARIAS S.A.,7790387120349,"$ 125,88",
Yogur Bebible Descremado Frutilla Sancor Vida x 185 Gr,LÁCTEOS,ALIMENTOS REFRIGERADOS S.A.,7798321150155,"$ 35,27",Sí
Yogur Bebible Descremado Vainilla Sancor Vida x 185 Gr,LÁCTEOS,ALIMENTOS REFRIGERADOS S.A.,7798321150162,"$ 35,27",Sí
Yogur Bebible Tetratop Descremado Frutilla Ilolay x 1 Kg,LÁCTEOS,WILLINNER S.A. (ILOLAY),7790787000432,"$ 69,30",Sí
Yogur Bebible Tetratop Descremado Frutilla x 500 Gr,LÁCTEOS,WILLINNER S.A. (ILOLAY),779078700456,"$ 38,59",Sí
Yogur Bebible Tetratop Descremado Vainilla Ilolay x 1 Kg,LÁCTEOS,WILLINNER S.A. (ILOLAY),7790787000425,"$ 69,30",Sí
Yogur Bebible Tetratop Descremado Vainilla x 500 Gr,LÁCTEOS,WILLINNER S.A. (ILOLAY),7790787000449,"$ 38,59",Sí
Yogur Bebible Tetratop Entero Durazno Ilolay x 1 Kg,LÁCTEOS,WILLINNER S.A. (ILOLAY),7790787000692,"$ 69,30",Sí
Yogur Bebible Tetratop Entero Durazno x 500 Gr,LÁCTEOS,WILLINNER S.A. (ILOLAY),7790787000784,"$ 38,59",Sí
Yogur Bebible Tetratop Entero Frutilla Ilolay x 1 Kg,LÁCTEOS,WILLINNER S.A. (ILOLAY),7790787000661,"$ 69,30",Sí
Yogur Bebible Tetratop Entero Frutilla x 500 Gr,LÁCTEOS,WILLINNER S.A. (ILOLAY),7790787000746,"$ 38,59",Sí
Yogur Bebible Tetratop Entero Vainilla Ilolay x 1 Kg,LÁCTEOS,WILLINNER S.A. (ILOLAY),7790787000609,"$ 69,30",Sí
Yogur Bebible Tetratop Entero Vainilla x 500 Gr,LÁCTEOS,WILLINNER S.A. (ILOLAY),7790787000708,"$ 38,59",Sí
Yogur Cremoso Entero Sabor Manzana Banana Sancor Primeros Sabores 2 x 120 Gr,LÁCTEOS,ALIMENTOS REFRIGERADOS S.A.,7790080068528,"$ 41,63",Sí
Yogur Cremoso Entero Vainilla Sancor Primeros Sabores 2 x 120 Gr,LÁCTEOS,ALIMENTOS REFRIGERADOS S.A.,7790080068511,"$ 41,63",Sí
Yogur Descremado con Cereal Mix Milkaut x 150 Gr,LÁCTEOS,MILKAUT,7794820012598,"$ 46,24",
Yogur Descremado con Trozos de Durazno Milkaut Plus x 150 Gr,LÁCTEOS,MILKAUT,7794820012383,"$ 43,05",Sí
Yogur Descremado con Trozos de Frutilla Milkaut Plus x 150 Gr,LÁCTEOS,MILKAUT,7794820012390,"$ 43,05",Sí
Yogur Entero con Copos de Maíz Milkaut x 150 Gr,LÁCTEOS,MILKAUT,7794820012567,"$ 46,24",
Yogur Entero de Frutilla con Cereal Milkaut x 150 Gr,LÁCTEOS,MILKAUT,7794820014899,"$ 46,24",
Yogur Firme Entero Frutilla Ilolay 2 x 120 Gr,LÁCTEOS,WILLINNER S.A. (ILOLAY),7790787004270,"$ 37,40",Sí
Yogur Firme Entero Vainilla Ilolay 2 x 120 Gr,LÁCTEOS,WILLINNER S.A. (ILOLAY),7790787004287,"$ 37,40",Sí
Yogur Light Frutilla Pote Tregar x 125 Gr,LÁCTEOS,GARCIA HERMANOS AGROINDUSTRIAL SRL,7793913000849,"$ 15,00",Sí
Yogur Light Vainilla Pote Tregar x 125 Gr,LÁCTEOS,GARCIA HERMANOS AGROINDUSTRIAL SRL,7793913000832,"$ 15,00",Sí
Yogur Vainilla con Aritos Frutados Ilolay x 160 Gr,LÁCTEOS,WILLINNER S.A. (ILOLAY),7790787104772,"$ 23,96",Sí
Ñoquis Don Celedonio x 450 Gr,PASTAS Y TAPAS,LA SALTEÑA,7790236620891,"$ 60,00",
